,repo,week,commits,total commits
0,holoviews,1,12.0,566.0
1,holoviews,2,1.0,566.0
2,holoviews,3,11.0,566.0
3,holoviews,4,3.0,566.0
4,holoviews,5,14.0,566.0
5,holoviews,6,22.0,566.0
6,holoviews,7,9.0,566.0
7,holoviews,8,24.0,566.0
8,holoviews,9,2.0,566.0
9,holoviews,10,7.0,566.0
10,holoviews,11,30.0,566.0
11,holoviews,12,43.0,566.0
12,holoviews,13,12.0,566.0
13,holoviews,14,1.0,566.0
14,holoviews,15,6.0,566.0
15,holoviews,16,6.0,566.0
16,holoviews,17,10.0,566.0
17,holoviews,18,10.0,566.0
18,holoviews,19,4.0,566.0
19,holoviews,20,1.0,566.0
20,holoviews,21,16.0,566.0
21,holoviews,22,4.0,566.0
22,holoviews,23,2.0,566.0
23,holoviews,24,8.0,566.0
24,holoviews,25,14.0,566.0
25,holoviews,26,6.0,566.0
26,holoviews,27,14.0,566.0
27,holoviews,28,6.0,566.0
28,holoviews,29,6.0,566.0
29,holoviews,30,22.0,566.0
30,holoviews,31,17.0,566.0
31,holoviews,32,8.0,566.0
32,holoviews,33,15.0,566.0
33,holoviews,34,34.0,566.0
34,holoviews,35,14.0,566.0
35,holoviews,36,20.0,566.0
36,holoviews,37,18.0,566.0
37,holoviews,38,6.0,566.0
38,holoviews,39,20.0,566.0
39,holoviews,40,8.0,566.0
40,holoviews,41,16.0,566.0
41,holoviews,42,10.0,566.0
42,holoviews,43,5.0,566.0
43,holoviews,44,6.0,566.0
44,holoviews,45,9.0,566.0
45,holoviews,46,16.0,566.0
46,holoviews,47,8.0,566.0
47,holoviews,48,0.0,566.0
48,holoviews,49,0.0,566.0
49,holoviews,50,1.0,566.0
50,holoviews,51,5.0,566.0
51,holoviews,52,4.0,566.0
52,bokeh,1,33.0,927.0
53,bokeh,2,39.0,927.0
54,bokeh,3,29.0,927.0
55,bokeh,4,52.0,927.0
56,bokeh,5,15.0,927.0
57,bokeh,6,4.0,927.0
58,bokeh,7,12.0,927.0
59,bokeh,8,9.0,927.0
60,bokeh,9,31.0,927.0
61,bokeh,10,13.0,927.0
62,bokeh,11,18.0,927.0
63,bokeh,12,15.0,927.0
64,bokeh,13,10.0,927.0
65,bokeh,14,17.0,927.0
66,bokeh,15,17.0,927.0
67,bokeh,16,17.0,927.0
68,bokeh,17,21.0,927.0
69,bokeh,18,12.0,927.0
70,bokeh,19,9.0,927.0
71,bokeh,20,8.0,927.0
72,bokeh,21,7.0,927.0
73,bokeh,22,14.0,927.0
74,bokeh,23,21.0,927.0
75,bokeh,24,20.0,927.0
76,bokeh,25,17.0,927.0
77,bokeh,26,17.0,927.0
78,bokeh,27,12.0,927.0
79,bokeh,28,6.0,927.0
80,bokeh,29,14.0,927.0
81,bokeh,30,15.0,927.0
82,bokeh,31,34.0,927.0
83,bokeh,32,33.0,927.0
84,bokeh,33,29.0,927.0
85,bokeh,34,29.0,927.0
86,bokeh,35,16.0,927.0
87,bokeh,36,20.0,927.0
88,bokeh,37,5.0,927.0
89,bokeh,38,14.0,927.0
90,bokeh,39,23.0,927.0
91,bokeh,40,5.0,927.0
92,bokeh,41,27.0,927.0
93,bokeh,42,22.0,927.0
94,bokeh,43,32.0,927.0
95,bokeh,44,23.0,927.0
96,bokeh,45,20.0,927.0
97,bokeh,46,14.0,927.0
98,bokeh,47,13.0,927.0
99,bokeh,48,5.0,927.0
100,bokeh,49,10.0,927.0
101,bokeh,50,6.0,927.0
102,bokeh,51,12.0,927.0
103,bokeh,52,11.0,927.0
104,matplotlib,1,46.0,4121.0
105,matplotlib,2,80.0,4121.0
106,matplotlib,3,78.0,4121.0
107,matplotlib,4,14.0,4121.0
108,matplotlib,5,32.0,4121.0
109,matplotlib,6,60.0,4121.0
110,matplotlib,7,90.0,4121.0
111,matplotlib,8,99.0,4121.0
112,matplotlib,9,150.0,4121.0
113,matplotlib,10,174.0,4121.0
114,matplotlib,11,96.0,4121.0
115,matplotlib,12,102.0,4121.0
116,matplotlib,13,87.0,4121.0
117,matplotlib,14,55.0,4121.0
118,matplotlib,15,49.0,4121.0
119,matplotlib,16,75.0,4121.0
120,matplotlib,17,46.0,4121.0
121,matplotlib,18,69.0,4121.0
122,matplotlib,19,52.0,4121.0
123,matplotlib,20,75.0,4121.0
124,matplotlib,21,92.0,4121.0
125,matplotlib,22,84.0,4121.0
126,matplotlib,23,69.0,4121.0
127,matplotlib,24,90.0,4121.0
128,matplotlib,25,76.0,4121.0
129,matplotlib,26,124.0,4121.0
130,matplotlib,27,179.0,4121.0
131,matplotlib,28,125.0,4121.0
132,matplotlib,29,138.0,4121.0
133,matplotlib,30,102.0,4121.0
134,matplotlib,31,139.0,4121.0
135,matplotlib,32,68.0,4121.0
136,matplotlib,33,95.0,4121.0
137,matplotlib,34,82.0,4121.0
138,matplotlib,35,61.0,4121.0
139,matplotlib,36,87.0,4121.0
140,matplotlib,37,39.0,4121.0
141,matplotlib,38,67.0,4121.0
142,matplotlib,39,72.0,4121.0
143,matplotlib,40,41.0,4121.0
144,matplotlib,41,63.0,4121.0
145,matplotlib,42,55.0,4121.0
146,matplotlib,43,56.0,4121.0
147,matplotlib,44,45.0,4121.0
148,matplotlib,45,57.0,4121.0
149,matplotlib,46,73.0,4121.0
150,matplotlib,47,124.0,4121.0
151,matplotlib,48,96.0,4121.0
152,matplotlib,49,90.0,4121.0
153,matplotlib,50,35.0,4121.0
154,matplotlib,51,21.0,4121.0
155,matplotlib,52,47.0,4121.0
156,plotly.py,1,1.0,581.0
157,plotly.py,2,3.0,581.0
158,plotly.py,3,1.0,581.0
159,plotly.py,4,2.0,581.0
160,plotly.py,5,0.0,581.0
161,plotly.py,6,9.0,581.0
162,plotly.py,7,10.0,581.0
163,plotly.py,8,19.0,581.0
164,plotly.py,9,11.0,581.0
165,plotly.py,10,12.0,581.0
166,plotly.py,11,12.0,581.0
167,plotly.py,12,8.0,581.0
168,plotly.py,13,2.0,581.0
169,plotly.py,14,7.0,581.0
170,plotly.py,15,14.0,581.0
171,plotly.py,16,4.0,581.0
172,plotly.py,17,9.0,581.0
173,plotly.py,18,0.0,581.0
174,plotly.py,19,1.0,581.0
175,plotly.py,20,0.0,581.0
176,plotly.py,21,13.0,581.0
177,plotly.py,22,4.0,581.0
178,plotly.py,23,6.0,581.0
179,plotly.py,24,16.0,581.0
180,plotly.py,25,3.0,581.0
181,plotly.py,26,13.0,581.0
182,plotly.py,27,29.0,581.0
183,plotly.py,28,11.0,581.0
184,plotly.py,29,22.0,581.0
185,plotly.py,30,19.0,581.0
186,plotly.py,31,14.0,581.0
187,plotly.py,32,12.0,581.0
188,plotly.py,33,8.0,581.0
189,plotly.py,34,13.0,581.0
190,plotly.py,35,20.0,581.0
191,plotly.py,36,23.0,581.0
192,plotly.py,37,11.0,581.0
193,plotly.py,38,8.0,581.0
194,plotly.py,39,7.0,581.0
195,plotly.py,40,8.0,581.0
196,plotly.py,41,20.0,581.0
197,plotly.py,42,33.0,581.0
198,plotly.py,43,54.0,581.0
199,plotly.py,44,16.0,581.0
200,plotly.py,45,19.0,581.0
201,plotly.py,46,18.0,581.0
202,plotly.py,47,13.0,581.0
203,plotly.py,48,6.0,581.0
204,plotly.py,49,9.0,581.0
205,plotly.py,50,0.0,581.0
206,plotly.py,51,5.0,581.0
207,plotly.py,52,3.0,581.0
208,datashader,1,4.0,137.0
209,datashader,2,4.0,137.0
210,datashader,3,4.0,137.0
211,datashader,4,6.0,137.0
212,datashader,5,2.0,137.0
213,datashader,6,8.0,137.0
214,datashader,7,12.0,137.0
215,datashader,8,4.0,137.0
216,datashader,9,10.0,137.0
217,datashader,10,7.0,137.0
218,datashader,11,4.0,137.0
219,datashader,12,10.0,137.0
220,datashader,13,0.0,137.0
221,datashader,14,1.0,137.0
222,datashader,15,1.0,137.0
223,datashader,16,10.0,137.0
224,datashader,17,3.0,137.0
225,datashader,18,5.0,137.0
226,datashader,19,0.0,137.0
227,datashader,20,0.0,137.0
228,datashader,21,0.0,137.0
229,datashader,22,1.0,137.0
230,datashader,23,5.0,137.0
231,datashader,24,1.0,137.0
232,datashader,25,2.0,137.0
233,datashader,26,1.0,137.0
234,datashader,27,1.0,137.0
235,datashader,28,0.0,137.0
236,datashader,29,0.0,137.0
237,datashader,30,2.0,137.0
238,datashader,31,6.0,137.0
239,datashader,32,0.0,137.0
240,datashader,33,0.0,137.0
241,datashader,34,1.0,137.0
242,datashader,35,2.0,137.0
243,datashader,36,0.0,137.0
244,datashader,37,1.0,137.0
245,datashader,38,2.0,137.0
246,datashader,39,2.0,137.0
247,datashader,40,8.0,137.0
248,datashader,41,1.0,137.0
249,datashader,42,0.0,137.0
250,datashader,43,1.0,137.0
251,datashader,44,0.0,137.0
252,datashader,45,0.0,137.0
253,datashader,46,1.0,137.0
254,datashader,47,1.0,137.0
255,datashader,48,0.0,137.0
256,datashader,49,2.0,137.0
257,datashader,50,0.0,137.0
258,datashader,51,1.0,137.0
259,datashader,52,0.0,137.0
260,pygal,1,0.0,19.0
261,pygal,2,0.0,19.0
262,pygal,3,0.0,19.0
263,pygal,4,0.0,19.0
264,pygal,5,0.0,19.0
265,pygal,6,0.0,19.0
266,pygal,7,1.0,19.0
267,pygal,8,0.0,19.0
268,pygal,9,0.0,19.0
269,pygal,10,0.0,19.0
270,pygal,11,0.0,19.0
271,pygal,12,0.0,19.0
272,pygal,13,0.0,19.0
273,pygal,14,0.0,19.0
274,pygal,15,0.0,19.0
275,pygal,16,0.0,19.0
276,pygal,17,1.0,19.0
277,pygal,18,1.0,19.0
278,pygal,19,0.0,19.0
279,pygal,20,0.0,19.0
280,pygal,21,0.0,19.0
281,pygal,22,1.0,19.0
282,pygal,23,0.0,19.0
283,pygal,24,0.0,19.0
284,pygal,25,11.0,19.0
285,pygal,26,1.0,19.0
286,pygal,27,0.0,19.0
287,pygal,28,0.0,19.0
288,pygal,29,0.0,19.0
289,pygal,30,0.0,19.0
290,pygal,31,0.0,19.0
291,pygal,32,0.0,19.0
292,pygal,33,0.0,19.0
293,pygal,34,0.0,19.0
294,pygal,35,0.0,19.0
295,pygal,36,0.0,19.0
296,pygal,37,0.0,19.0
297,pygal,38,0.0,19.0
298,pygal,39,0.0,19.0
299,pygal,40,0.0,19.0
300,pygal,41,0.0,19.0
301,pygal,42,0.0,19.0
302,pygal,43,0.0,19.0
303,pygal,44,2.0,19.0
304,pygal,45,0.0,19.0
305,pygal,46,0.0,19.0
306,pygal,47,0.0,19.0
307,pygal,48,1.0,19.0
308,pygal,49,0.0,19.0
309,pygal,50,0.0,19.0
310,pygal,51,0.0,19.0
311,pygal,52,0.0,19.0
312,mayavi,1,0.0,206.0
313,mayavi,2,0.0,206.0
314,mayavi,3,0.0,206.0
315,mayavi,4,0.0,206.0
316,mayavi,5,0.0,206.0
317,mayavi,6,0.0,206.0
318,mayavi,7,0.0,206.0
319,mayavi,8,0.0,206.0
320,mayavi,9,0.0,206.0
321,mayavi,10,5.0,206.0
322,mayavi,11,0.0,206.0
323,mayavi,12,0.0,206.0
324,mayavi,13,0.0,206.0
325,mayavi,14,2.0,206.0
326,mayavi,15,3.0,206.0
327,mayavi,16,6.0,206.0
328,mayavi,17,2.0,206.0
329,mayavi,18,4.0,206.0
330,mayavi,19,0.0,206.0
331,mayavi,20,3.0,206.0
332,mayavi,21,0.0,206.0
333,mayavi,22,1.0,206.0
334,mayavi,23,3.0,206.0
335,mayavi,24,0.0,206.0
336,mayavi,25,14.0,206.0
337,mayavi,26,2.0,206.0
338,mayavi,27,8.0,206.0
339,mayavi,28,0.0,206.0
340,mayavi,29,3.0,206.0
341,mayavi,30,23.0,206.0
342,mayavi,31,0.0,206.0
343,mayavi,32,0.0,206.0
344,mayavi,33,0.0,206.0
345,mayavi,34,0.0,206.0
346,mayavi,35,0.0,206.0
347,mayavi,36,7.0,206.0
348,mayavi,37,1.0,206.0
349,mayavi,38,0.0,206.0
350,mayavi,39,0.0,206.0
351,mayavi,40,9.0,206.0
352,mayavi,41,11.0,206.0
353,mayavi,42,5.0,206.0
354,mayavi,43,0.0,206.0
355,mayavi,44,0.0,206.0
356,mayavi,45,0.0,206.0
357,mayavi,46,20.0,206.0
358,mayavi,47,13.0,206.0
359,mayavi,48,1.0,206.0
360,mayavi,49,9.0,206.0
361,mayavi,50,12.0,206.0
362,mayavi,51,35.0,206.0
363,mayavi,52,4.0,206.0
364,seaborn,1,0.0,390.0
365,seaborn,2,17.0,390.0
366,seaborn,3,17.0,390.0
367,seaborn,4,4.0,390.0
368,seaborn,5,6.0,390.0
369,seaborn,6,0.0,390.0
370,seaborn,7,26.0,390.0
371,seaborn,8,9.0,390.0
372,seaborn,9,3.0,390.0
373,seaborn,10,2.0,390.0
374,seaborn,11,14.0,390.0
375,seaborn,12,2.0,390.0
376,seaborn,13,0.0,390.0
377,seaborn,14,0.0,390.0
378,seaborn,15,39.0,390.0
379,seaborn,16,7.0,390.0
380,seaborn,17,0.0,390.0
381,seaborn,18,0.0,390.0
382,seaborn,19,0.0,390.0
383,seaborn,20,0.0,390.0
384,seaborn,21,0.0,390.0
385,seaborn,22,1.0,390.0
386,seaborn,23,0.0,390.0
387,seaborn,24,0.0,390.0
388,seaborn,25,0.0,390.0
389,seaborn,26,1.0,390.0
390,seaborn,27,0.0,390.0
391,seaborn,28,2.0,390.0
392,seaborn,29,13.0,390.0
393,seaborn,30,0.0,390.0
394,seaborn,31,0.0,390.0
395,seaborn,32,0.0,390.0
396,seaborn,33,0.0,390.0
397,seaborn,34,0.0,390.0
398,seaborn,35,6.0,390.0
399,seaborn,36,1.0,390.0
400,seaborn,37,1.0,390.0
401,seaborn,38,0.0,390.0
402,seaborn,39,7.0,390.0
403,seaborn,40,11.0,390.0
404,seaborn,41,12.0,390.0
405,seaborn,42,18.0,390.0
406,seaborn,43,3.0,390.0
407,seaborn,44,25.0,390.0
408,seaborn,45,58.0,390.0
409,seaborn,46,41.0,390.0
410,seaborn,47,29.0,390.0
411,seaborn,48,14.0,390.0
412,seaborn,49,0.0,390.0
413,seaborn,50,1.0,390.0
414,seaborn,51,0.0,390.0
415,seaborn,52,0.0,390.0
416,ggpy,1,0.0,0.0
417,ggpy,2,0.0,0.0
418,ggpy,3,0.0,0.0
419,ggpy,4,0.0,0.0
420,ggpy,5,0.0,0.0
421,ggpy,6,0.0,0.0
422,ggpy,7,0.0,0.0
423,ggpy,8,0.0,0.0
424,ggpy,9,0.0,0.0
425,ggpy,10,0.0,0.0
426,ggpy,11,0.0,0.0
427,ggpy,12,0.0,0.0
428,ggpy,13,0.0,0.0
429,ggpy,14,0.0,0.0
430,ggpy,15,0.0,0.0
431,ggpy,16,0.0,0.0
432,ggpy,17,0.0,0.0
433,ggpy,18,0.0,0.0
434,ggpy,19,0.0,0.0
435,ggpy,20,0.0,0.0
436,ggpy,21,0.0,0.0
437,ggpy,22,0.0,0.0
438,ggpy,23,0.0,0.0
439,ggpy,24,0.0,0.0
440,ggpy,25,0.0,0.0
441,ggpy,26,0.0,0.0
442,ggpy,27,0.0,0.0
443,ggpy,28,0.0,0.0
444,ggpy,29,0.0,0.0
445,ggpy,30,0.0,0.0
446,ggpy,31,0.0,0.0
447,ggpy,32,0.0,0.0
448,ggpy,33,0.0,0.0
449,ggpy,34,0.0,0.0
450,ggpy,35,0.0,0.0
451,ggpy,36,0.0,0.0
452,ggpy,37,0.0,0.0
453,ggpy,38,0.0,0.0
454,ggpy,39,0.0,0.0
455,ggpy,40,0.0,0.0
456,ggpy,41,0.0,0.0
457,ggpy,42,0.0,0.0
458,ggpy,43,0.0,0.0
459,ggpy,44,0.0,0.0
460,ggpy,45,0.0,0.0
461,ggpy,46,0.0,0.0
462,ggpy,47,0.0,0.0
463,ggpy,48,0.0,0.0
464,ggpy,49,0.0,0.0
465,ggpy,50,0.0,0.0
466,ggpy,51,0.0,0.0
467,ggpy,52,0.0,0.0
468,vincent,1,0.0,0.0
469,vincent,2,0.0,0.0
470,vincent,3,0.0,0.0
471,vincent,4,0.0,0.0
472,vincent,5,0.0,0.0
473,vincent,6,0.0,0.0
474,vincent,7,0.0,0.0
475,vincent,8,0.0,0.0
476,vincent,9,0.0,0.0
477,vincent,10,0.0,0.0
478,vincent,11,0.0,0.0
479,vincent,12,0.0,0.0
480,vincent,13,0.0,0.0
481,vincent,14,0.0,0.0
482,vincent,15,0.0,0.0
483,vincent,16,0.0,0.0
484,vincent,17,0.0,0.0
485,vincent,18,0.0,0.0
486,vincent,19,0.0,0.0
487,vincent,20,0.0,0.0
488,vincent,21,0.0,0.0
489,vincent,22,0.0,0.0
490,vincent,23,0.0,0.0
491,vincent,24,0.0,0.0
492,vincent,25,0.0,0.0
493,vincent,26,0.0,0.0
494,vincent,27,0.0,0.0
495,vincent,28,0.0,0.0
496,vincent,29,0.0,0.0
497,vincent,30,0.0,0.0
498,vincent,31,0.0,0.0
499,vincent,32,0.0,0.0
500,vincent,33,0.0,0.0
501,vincent,34,0.0,0.0
502,vincent,35,0.0,0.0
503,vincent,36,0.0,0.0
504,vincent,37,0.0,0.0
505,vincent,38,0.0,0.0
506,vincent,39,0.0,0.0
507,vincent,40,0.0,0.0
508,vincent,41,0.0,0.0
509,vincent,42,0.0,0.0
510,vincent,43,0.0,0.0
511,vincent,44,0.0,0.0
512,vincent,45,0.0,0.0
513,vincent,46,0.0,0.0
514,vincent,47,0.0,0.0
515,vincent,48,0.0,0.0
516,vincent,49,0.0,0.0
517,vincent,50,0.0,0.0
518,vincent,51,0.0,0.0
519,vincent,52,0.0,0.0
520,altair,1,5.0,1136.0
521,altair,2,0.0,1136.0
522,altair,3,0.0,1136.0
523,altair,4,0.0,1136.0
524,altair,5,0.0,1136.0
525,altair,6,0.0,1136.0
526,altair,7,12.0,1136.0
527,altair,8,3.0,1136.0
528,altair,9,27.0,1136.0
529,altair,10,32.0,1136.0
530,altair,11,0.0,1136.0
531,altair,12,1.0,1136.0
532,altair,13,0.0,1136.0
533,altair,14,0.0,1136.0
534,altair,15,0.0,1136.0
535,altair,16,0.0,1136.0
536,altair,17,0.0,1136.0
537,altair,18,0.0,1136.0
538,altair,19,0.0,1136.0
539,altair,20,0.0,1136.0
540,altair,21,0.0,1136.0
541,altair,22,0.0,1136.0
542,altair,23,0.0,1136.0
543,altair,24,0.0,1136.0
544,altair,25,0.0,1136.0
545,altair,26,26.0,1136.0
546,altair,27,31.0,1136.0
547,altair,28,174.0,1136.0
548,altair,29,80.0,1136.0
549,altair,30,71.0,1136.0
550,altair,31,90.0,1136.0
551,altair,32,92.0,1136.0
552,altair,33,62.0,1136.0
553,altair,34,71.0,1136.0
554,altair,35,32.0,1136.0
555,altair,36,19.0,1136.0
556,altair,37,48.0,1136.0
557,altair,38,32.0,1136.0
558,altair,39,15.0,1136.0
559,altair,40,41.0,1136.0
560,altair,41,22.0,1136.0
561,altair,42,3.0,1136.0
562,altair,43,21.0,1136.0
563,altair,44,2.0,1136.0
564,altair,45,13.0,1136.0
565,altair,46,11.0,1136.0
566,altair,47,8.0,1136.0
567,altair,48,12.0,1136.0
568,altair,49,14.0,1136.0
569,altair,50,22.0,1136.0
570,altair,51,8.0,1136.0
571,altair,52,36.0,1136.0
572,chaco,1,0.0,51.0
573,chaco,2,0.0,51.0
574,chaco,3,0.0,51.0
575,chaco,4,0.0,51.0
576,chaco,5,0.0,51.0
577,chaco,6,0.0,51.0
578,chaco,7,0.0,51.0
579,chaco,8,5.0,51.0
580,chaco,9,0.0,51.0
581,chaco,10,0.0,51.0
582,chaco,11,5.0,51.0
583,chaco,12,2.0,51.0
584,chaco,13,3.0,51.0
585,chaco,14,0.0,51.0
586,chaco,15,0.0,51.0
587,chaco,16,0.0,51.0
588,chaco,17,0.0,51.0
589,chaco,18,2.0,51.0
590,chaco,19,0.0,51.0
591,chaco,20,3.0,51.0
592,chaco,21,0.0,51.0
593,chaco,22,0.0,51.0
594,chaco,23,2.0,51.0
595,chaco,24,3.0,51.0
596,chaco,25,0.0,51.0
597,chaco,26,0.0,51.0
598,chaco,27,0.0,51.0
599,chaco,28,0.0,51.0
600,chaco,29,0.0,51.0
601,chaco,30,3.0,51.0
602,chaco,31,0.0,51.0
603,chaco,32,0.0,51.0
604,chaco,33,10.0,51.0
605,chaco,34,0.0,51.0
606,chaco,35,0.0,51.0
607,chaco,36,0.0,51.0
608,chaco,37,0.0,51.0
609,chaco,38,0.0,51.0
610,chaco,39,0.0,51.0
611,chaco,40,0.0,51.0
612,chaco,41,0.0,51.0
613,chaco,42,0.0,51.0
614,chaco,43,0.0,51.0
615,chaco,44,0.0,51.0
616,chaco,45,0.0,51.0
617,chaco,46,2.0,51.0
618,chaco,47,0.0,51.0
619,chaco,48,10.0,51.0
620,chaco,49,0.0,51.0
621,chaco,50,0.0,51.0
622,chaco,51,1.0,51.0
623,chaco,52,0.0,51.0
624,networkx,1,24.0,283.0
625,networkx,2,14.0,283.0
626,networkx,3,4.0,283.0
627,networkx,4,18.0,283.0
628,networkx,5,1.0,283.0
629,networkx,6,9.0,283.0
630,networkx,7,7.0,283.0
631,networkx,8,4.0,283.0
632,networkx,9,3.0,283.0
633,networkx,10,1.0,283.0
634,networkx,11,3.0,283.0
635,networkx,12,2.0,283.0
636,networkx,13,2.0,283.0
637,networkx,14,3.0,283.0
638,networkx,15,17.0,283.0
639,networkx,16,9.0,283.0
640,networkx,17,1.0,283.0
641,networkx,18,4.0,283.0
642,networkx,19,0.0,283.0
643,networkx,20,0.0,283.0
644,networkx,21,11.0,283.0
645,networkx,22,7.0,283.0
646,networkx,23,9.0,283.0
647,networkx,24,4.0,283.0
648,networkx,25,6.0,283.0
649,networkx,26,2.0,283.0
650,networkx,27,3.0,283.0
651,networkx,28,2.0,283.0
652,networkx,29,2.0,283.0
653,networkx,30,2.0,283.0
654,networkx,31,1.0,283.0
655,networkx,32,0.0,283.0
656,networkx,33,2.0,283.0
657,networkx,34,0.0,283.0
658,networkx,35,1.0,283.0
659,networkx,36,0.0,283.0
660,networkx,37,3.0,283.0
661,networkx,38,6.0,283.0
662,networkx,39,0.0,283.0
663,networkx,40,1.0,283.0
664,networkx,41,6.0,283.0
665,networkx,42,8.0,283.0
666,networkx,43,4.0,283.0
667,networkx,44,9.0,283.0
668,networkx,45,2.0,283.0
669,networkx,46,14.0,283.0
670,networkx,47,7.0,283.0
671,networkx,48,9.0,283.0
672,networkx,49,11.0,283.0
673,networkx,50,9.0,283.0
674,networkx,51,12.0,283.0
675,networkx,52,4.0,283.0
676,ipyvolume,1,48.0,180.0
677,ipyvolume,2,0.0,180.0
678,ipyvolume,3,2.0,180.0
679,ipyvolume,4,5.0,180.0
680,ipyvolume,5,1.0,180.0
681,ipyvolume,6,0.0,180.0
682,ipyvolume,7,4.0,180.0
683,ipyvolume,8,0.0,180.0
684,ipyvolume,9,9.0,180.0
685,ipyvolume,10,0.0,180.0
686,ipyvolume,11,4.0,180.0
687,ipyvolume,12,0.0,180.0
688,ipyvolume,13,0.0,180.0
689,ipyvolume,14,0.0,180.0
690,ipyvolume,15,1.0,180.0
691,ipyvolume,16,8.0,180.0
692,ipyvolume,17,4.0,180.0
693,ipyvolume,18,1.0,180.0
694,ipyvolume,19,0.0,180.0
695,ipyvolume,20,0.0,180.0
696,ipyvolume,21,2.0,180.0
697,ipyvolume,22,0.0,180.0
698,ipyvolume,23,5.0,180.0
699,ipyvolume,24,8.0,180.0
700,ipyvolume,25,0.0,180.0
701,ipyvolume,26,2.0,180.0
702,ipyvolume,27,0.0,180.0
703,ipyvolume,28,9.0,180.0
704,ipyvolume,29,0.0,180.0
705,ipyvolume,30,0.0,180.0
706,ipyvolume,31,6.0,180.0
707,ipyvolume,32,8.0,180.0
708,ipyvolume,33,0.0,180.0
709,ipyvolume,34,5.0,180.0
710,ipyvolume,35,4.0,180.0
711,ipyvolume,36,2.0,180.0
712,ipyvolume,37,0.0,180.0
713,ipyvolume,38,8.0,180.0
714,ipyvolume,39,4.0,180.0
715,ipyvolume,40,1.0,180.0
716,ipyvolume,41,2.0,180.0
717,ipyvolume,42,0.0,180.0
718,ipyvolume,43,9.0,180.0
719,ipyvolume,44,0.0,180.0
720,ipyvolume,45,0.0,180.0
721,ipyvolume,46,3.0,180.0
722,ipyvolume,47,2.0,180.0
723,ipyvolume,48,12.0,180.0
724,ipyvolume,49,0.0,180.0
725,ipyvolume,50,1.0,180.0
726,ipyvolume,51,0.0,180.0
727,ipyvolume,52,0.0,180.0
728,vaex,1,1.0,453.0
729,vaex,2,0.0,453.0
730,vaex,3,3.0,453.0
731,vaex,4,0.0,453.0
732,vaex,5,0.0,453.0
733,vaex,6,4.0,453.0
734,vaex,7,49.0,453.0
735,vaex,8,22.0,453.0
736,vaex,9,35.0,453.0
737,vaex,10,70.0,453.0
738,vaex,11,5.0,453.0
739,vaex,12,10.0,453.0
740,vaex,13,0.0,453.0
741,vaex,14,0.0,453.0
742,vaex,15,0.0,453.0
743,vaex,16,17.0,453.0
744,vaex,17,8.0,453.0
745,vaex,18,36.0,453.0
746,vaex,19,4.0,453.0
747,vaex,20,4.0,453.0
748,vaex,21,29.0,453.0
749,vaex,22,0.0,453.0
750,vaex,23,1.0,453.0
751,vaex,24,0.0,453.0
752,vaex,25,2.0,453.0
753,vaex,26,6.0,453.0
754,vaex,27,1.0,453.0
755,vaex,28,0.0,453.0
756,vaex,29,0.0,453.0
757,vaex,30,0.0,453.0
758,vaex,31,2.0,453.0
759,vaex,32,8.0,453.0
760,vaex,33,0.0,453.0
761,vaex,34,2.0,453.0
762,vaex,35,19.0,453.0
763,vaex,36,48.0,453.0
764,vaex,37,8.0,453.0
765,vaex,38,0.0,453.0
766,vaex,39,14.0,453.0
767,vaex,40,19.0,453.0
768,vaex,41,14.0,453.0
769,vaex,42,1.0,453.0
770,vaex,43,0.0,453.0
771,vaex,44,0.0,453.0
772,vaex,45,7.0,453.0
773,vaex,46,3.0,453.0
774,vaex,47,1.0,453.0
775,vaex,48,0.0,453.0
776,vaex,49,0.0,453.0
777,vaex,50,0.0,453.0
778,vaex,51,0.0,453.0
779,vaex,52,0.0,453.0
780,glumpy,1,0.0,42.0
781,glumpy,2,0.0,42.0
782,glumpy,3,0.0,42.0
783,glumpy,4,0.0,42.0
784,glumpy,5,4.0,42.0
785,glumpy,6,0.0,42.0
786,glumpy,7,0.0,42.0
787,glumpy,8,0.0,42.0
788,glumpy,9,0.0,42.0
789,glumpy,10,0.0,42.0
790,glumpy,11,0.0,42.0
791,glumpy,12,0.0,42.0
792,glumpy,13,2.0,42.0
793,glumpy,14,0.0,42.0
794,glumpy,15,0.0,42.0
795,glumpy,16,0.0,42.0
796,glumpy,17,3.0,42.0
797,glumpy,18,1.0,42.0
798,glumpy,19,1.0,42.0
799,glumpy,20,0.0,42.0
800,glumpy,21,0.0,42.0
801,glumpy,22,0.0,42.0
802,glumpy,23,0.0,42.0
803,glumpy,24,0.0,42.0
804,glumpy,25,2.0,42.0
805,glumpy,26,1.0,42.0
806,glumpy,27,9.0,42.0
807,glumpy,28,8.0,42.0
808,glumpy,29,0.0,42.0
809,glumpy,30,0.0,42.0
810,glumpy,31,0.0,42.0
811,glumpy,32,0.0,42.0
812,glumpy,33,0.0,42.0
813,glumpy,34,0.0,42.0
814,glumpy,35,2.0,42.0
815,glumpy,36,7.0,42.0
816,glumpy,37,0.0,42.0
817,glumpy,38,0.0,42.0
818,glumpy,39,0.0,42.0
819,glumpy,40,0.0,42.0
820,glumpy,41,0.0,42.0
821,glumpy,42,0.0,42.0
822,glumpy,43,0.0,42.0
823,glumpy,44,0.0,42.0
824,glumpy,45,0.0,42.0
825,glumpy,46,0.0,42.0
826,glumpy,47,0.0,42.0
827,glumpy,48,0.0,42.0
828,glumpy,49,0.0,42.0
829,glumpy,50,0.0,42.0
830,glumpy,51,1.0,42.0
831,glumpy,52,1.0,42.0
832,vispy,1,2.0,296.0
833,vispy,2,0.0,296.0
834,vispy,3,0.0,296.0
835,vispy,4,4.0,296.0
836,vispy,5,1.0,296.0
837,vispy,6,14.0,296.0
838,vispy,7,26.0,296.0
839,vispy,8,2.0,296.0
840,vispy,9,1.0,296.0
841,vispy,10,24.0,296.0
842,vispy,11,24.0,296.0
843,vispy,12,24.0,296.0
844,vispy,13,8.0,296.0
845,vispy,14,1.0,296.0
846,vispy,15,1.0,296.0
847,vispy,16,2.0,296.0
848,vispy,17,4.0,296.0
849,vispy,18,5.0,296.0
850,vispy,19,4.0,296.0
851,vispy,20,5.0,296.0
852,vispy,21,0.0,296.0
853,vispy,22,4.0,296.0
854,vispy,23,4.0,296.0
855,vispy,24,10.0,296.0
856,vispy,25,4.0,296.0
857,vispy,26,7.0,296.0
858,vispy,27,27.0,296.0
859,vispy,28,0.0,296.0
860,vispy,29,15.0,296.0
861,vispy,30,4.0,296.0
862,vispy,31,0.0,296.0
863,vispy,32,9.0,296.0
864,vispy,33,15.0,296.0
865,vispy,34,6.0,296.0
866,vispy,35,0.0,296.0
867,vispy,36,4.0,296.0
868,vispy,37,10.0,296.0
869,vispy,38,0.0,296.0
870,vispy,39,1.0,296.0
871,vispy,40,1.0,296.0
872,vispy,41,0.0,296.0
873,vispy,42,12.0,296.0
874,vispy,43,1.0,296.0
875,vispy,44,0.0,296.0
876,vispy,45,2.0,296.0
877,vispy,46,3.0,296.0
878,vispy,47,1.0,296.0
879,vispy,48,1.0,296.0
880,vispy,49,2.0,296.0
881,vispy,50,0.0,296.0
882,vispy,51,1.0,296.0
883,vispy,52,0.0,296.0
884,toyplot,1,1.0,112.0
885,toyplot,2,3.0,112.0
886,toyplot,3,19.0,112.0
887,toyplot,4,5.0,112.0
888,toyplot,5,13.0,112.0
889,toyplot,6,0.0,112.0
890,toyplot,7,0.0,112.0
891,toyplot,8,8.0,112.0
892,toyplot,9,2.0,112.0
893,toyplot,10,0.0,112.0
894,toyplot,11,8.0,112.0
895,toyplot,12,1.0,112.0
896,toyplot,13,0.0,112.0
897,toyplot,14,0.0,112.0
898,toyplot,15,0.0,112.0
899,toyplot,16,0.0,112.0
900,toyplot,17,0.0,112.0
901,toyplot,18,0.0,112.0
902,toyplot,19,0.0,112.0
903,toyplot,20,0.0,112.0
904,toyplot,21,0.0,112.0
905,toyplot,22,1.0,112.0
906,toyplot,23,0.0,112.0
907,toyplot,24,10.0,112.0
908,toyplot,25,1.0,112.0
909,toyplot,26,0.0,112.0
910,toyplot,27,0.0,112.0
911,toyplot,28,1.0,112.0
912,toyplot,29,0.0,112.0
913,toyplot,30,2.0,112.0
914,toyplot,31,0.0,112.0
915,toyplot,32,1.0,112.0
916,toyplot,33,14.0,112.0
917,toyplot,34,12.0,112.0
918,toyplot,35,0.0,112.0
919,toyplot,36,2.0,112.0
920,toyplot,37,0.0,112.0
921,toyplot,38,0.0,112.0
922,toyplot,39,0.0,112.0
923,toyplot,40,0.0,112.0
924,toyplot,41,0.0,112.0
925,toyplot,42,0.0,112.0
926,toyplot,43,0.0,112.0
927,toyplot,44,0.0,112.0
928,toyplot,45,1.0,112.0
929,toyplot,46,0.0,112.0
930,toyplot,47,4.0,112.0
931,toyplot,48,0.0,112.0
932,toyplot,49,2.0,112.0
933,toyplot,50,0.0,112.0
934,toyplot,51,0.0,112.0
935,toyplot,52,1.0,112.0
936,pyqtgraph,1,0.0,330.0
937,pyqtgraph,2,0.0,330.0
938,pyqtgraph,3,12.0,330.0
939,pyqtgraph,4,6.0,330.0
940,pyqtgraph,5,35.0,330.0
941,pyqtgraph,6,11.0,330.0
942,pyqtgraph,7,28.0,330.0
943,pyqtgraph,8,24.0,330.0
944,pyqtgraph,9,5.0,330.0
945,pyqtgraph,10,9.0,330.0
946,pyqtgraph,11,0.0,330.0
947,pyqtgraph,12,2.0,330.0
948,pyqtgraph,13,0.0,330.0
949,pyqtgraph,14,1.0,330.0
950,pyqtgraph,15,0.0,330.0
951,pyqtgraph,16,0.0,330.0
952,pyqtgraph,17,0.0,330.0
953,pyqtgraph,18,1.0,330.0
954,pyqtgraph,19,1.0,330.0
955,pyqtgraph,20,0.0,330.0
956,pyqtgraph,21,1.0,330.0
957,pyqtgraph,22,0.0,330.0
958,pyqtgraph,23,0.0,330.0
959,pyqtgraph,24,18.0,330.0
960,pyqtgraph,25,15.0,330.0
961,pyqtgraph,26,1.0,330.0
962,pyqtgraph,27,8.0,330.0
963,pyqtgraph,28,6.0,330.0
964,pyqtgraph,29,2.0,330.0
965,pyqtgraph,30,3.0,330.0
966,pyqtgraph,31,2.0,330.0
967,pyqtgraph,32,0.0,330.0
968,pyqtgraph,33,19.0,330.0
969,pyqtgraph,34,3.0,330.0
970,pyqtgraph,35,1.0,330.0
971,pyqtgraph,36,1.0,330.0
972,pyqtgraph,37,39.0,330.0
973,pyqtgraph,38,7.0,330.0
974,pyqtgraph,39,6.0,330.0
975,pyqtgraph,40,5.0,330.0
976,pyqtgraph,41,7.0,330.0
977,pyqtgraph,42,14.0,330.0
978,pyqtgraph,43,6.0,330.0
979,pyqtgraph,44,9.0,330.0
980,pyqtgraph,45,6.0,330.0
981,pyqtgraph,46,1.0,330.0
982,pyqtgraph,47,9.0,330.0
983,pyqtgraph,48,2.0,330.0
984,pyqtgraph,49,0.0,330.0
985,pyqtgraph,50,4.0,330.0
986,pyqtgraph,51,0.0,330.0
987,pyqtgraph,52,0.0,330.0
988,lightning-python,1,0.0,0.0
989,lightning-python,2,0.0,0.0
990,lightning-python,3,0.0,0.0
991,lightning-python,4,0.0,0.0
992,lightning-python,5,0.0,0.0
993,lightning-python,6,0.0,0.0
994,lightning-python,7,0.0,0.0
995,lightning-python,8,0.0,0.0
996,lightning-python,9,0.0,0.0
997,lightning-python,10,0.0,0.0
998,lightning-python,11,0.0,0.0
999,lightning-python,12,0.0,0.0
1000,lightning-python,13,0.0,0.0
1001,lightning-python,14,0.0,0.0
1002,lightning-python,15,0.0,0.0
1003,lightning-python,16,0.0,0.0
1004,lightning-python,17,0.0,0.0
1005,lightning-python,18,0.0,0.0
1006,lightning-python,19,0.0,0.0
1007,lightning-python,20,0.0,0.0
1008,lightning-python,21,0.0,0.0
1009,lightning-python,22,0.0,0.0
1010,lightning-python,23,0.0,0.0
1011,lightning-python,24,0.0,0.0
1012,lightning-python,25,0.0,0.0
1013,lightning-python,26,0.0,0.0
1014,lightning-python,27,0.0,0.0
1015,lightning-python,28,0.0,0.0
1016,lightning-python,29,0.0,0.0
1017,lightning-python,30,0.0,0.0
1018,lightning-python,31,0.0,0.0
1019,lightning-python,32,0.0,0.0
1020,lightning-python,33,0.0,0.0
1021,lightning-python,34,0.0,0.0
1022,lightning-python,35,0.0,0.0
1023,lightning-python,36,0.0,0.0
1024,lightning-python,37,0.0,0.0
1025,lightning-python,38,0.0,0.0
1026,lightning-python,39,0.0,0.0
1027,lightning-python,40,0.0,0.0
1028,lightning-python,41,0.0,0.0
1029,lightning-python,42,0.0,0.0
1030,lightning-python,43,0.0,0.0
1031,lightning-python,44,0.0,0.0
1032,lightning-python,45,0.0,0.0
1033,lightning-python,46,0.0,0.0
1034,lightning-python,47,0.0,0.0
1035,lightning-python,48,0.0,0.0
1036,lightning-python,49,0.0,0.0
1037,lightning-python,50,0.0,0.0
1038,lightning-python,51,0.0,0.0
1039,lightning-python,52,0.0,0.0
1040,pythreejs,1,35.0,320.0
1041,pythreejs,2,1.0,320.0
1042,pythreejs,3,0.0,320.0
1043,pythreejs,4,14.0,320.0
1044,pythreejs,5,8.0,320.0
1045,pythreejs,6,18.0,320.0
1046,pythreejs,7,3.0,320.0
1047,pythreejs,8,5.0,320.0
1048,pythreejs,9,14.0,320.0
1049,pythreejs,10,17.0,320.0
1050,pythreejs,11,13.0,320.0
1051,pythreejs,12,2.0,320.0
1052,pythreejs,13,23.0,320.0
1053,pythreejs,14,18.0,320.0
1054,pythreejs,15,5.0,320.0
1055,pythreejs,16,1.0,320.0
1056,pythreejs,17,5.0,320.0
1057,pythreejs,18,14.0,320.0
1058,pythreejs,19,0.0,320.0
1059,pythreejs,20,3.0,320.0
1060,pythreejs,21,4.0,320.0
1061,pythreejs,22,0.0,320.0
1062,pythreejs,23,0.0,320.0
1063,pythreejs,24,11.0,320.0
1064,pythreejs,25,30.0,320.0
1065,pythreejs,26,8.0,320.0
1066,pythreejs,27,1.0,320.0
1067,pythreejs,28,1.0,320.0
1068,pythreejs,29,8.0,320.0
1069,pythreejs,30,10.0,320.0
1070,pythreejs,31,10.0,320.0
1071,pythreejs,32,0.0,320.0
1072,pythreejs,33,5.0,320.0
1073,pythreejs,34,1.0,320.0
1074,pythreejs,35,10.0,320.0
1075,pythreejs,36,1.0,320.0
1076,pythreejs,37,2.0,320.0
1077,pythreejs,38,0.0,320.0
1078,pythreejs,39,2.0,320.0
1079,pythreejs,40,4.0,320.0
1080,pythreejs,41,0.0,320.0
1081,pythreejs,42,0.0,320.0
1082,pythreejs,43,6.0,320.0
1083,pythreejs,44,4.0,320.0
1084,pythreejs,45,0.0,320.0
1085,pythreejs,46,1.0,320.0
1086,pythreejs,47,0.0,320.0
1087,pythreejs,48,0.0,320.0
1088,pythreejs,49,0.0,320.0
1089,pythreejs,50,0.0,320.0
1090,pythreejs,51,2.0,320.0
1091,pythreejs,52,0.0,320.0
1092,cufflinks,1,3.0,57.0
1093,cufflinks,2,1.0,57.0
1094,cufflinks,3,0.0,57.0
1095,cufflinks,4,0.0,57.0
1096,cufflinks,5,0.0,57.0
1097,cufflinks,6,0.0,57.0
1098,cufflinks,7,1.0,57.0
1099,cufflinks,8,0.0,57.0
1100,cufflinks,9,0.0,57.0
1101,cufflinks,10,1.0,57.0
1102,cufflinks,11,0.0,57.0
1103,cufflinks,12,5.0,57.0
1104,cufflinks,13,1.0,57.0
1105,cufflinks,14,0.0,57.0
1106,cufflinks,15,0.0,57.0
1107,cufflinks,16,0.0,57.0
1108,cufflinks,17,0.0,57.0
1109,cufflinks,18,0.0,57.0
1110,cufflinks,19,0.0,57.0
1111,cufflinks,20,0.0,57.0
1112,cufflinks,21,2.0,57.0
1113,cufflinks,22,1.0,57.0
1114,cufflinks,23,0.0,57.0
1115,cufflinks,24,0.0,57.0
1116,cufflinks,25,0.0,57.0
1117,cufflinks,26,0.0,57.0
1118,cufflinks,27,0.0,57.0
1119,cufflinks,28,0.0,57.0
1120,cufflinks,29,0.0,57.0
1121,cufflinks,30,1.0,57.0
1122,cufflinks,31,0.0,57.0
1123,cufflinks,32,10.0,57.0
1124,cufflinks,33,7.0,57.0
1125,cufflinks,34,4.0,57.0
1126,cufflinks,35,0.0,57.0
1127,cufflinks,36,1.0,57.0
1128,cufflinks,37,1.0,57.0
1129,cufflinks,38,0.0,57.0
1130,cufflinks,39,0.0,57.0
1131,cufflinks,40,0.0,57.0
1132,cufflinks,41,0.0,57.0
1133,cufflinks,42,0.0,57.0
1134,cufflinks,43,6.0,57.0
1135,cufflinks,44,3.0,57.0
1136,cufflinks,45,1.0,57.0
1137,cufflinks,46,2.0,57.0
1138,cufflinks,47,1.0,57.0
1139,cufflinks,48,3.0,57.0
1140,cufflinks,49,1.0,57.0
1141,cufflinks,50,0.0,57.0
1142,cufflinks,51,0.0,57.0
1143,cufflinks,52,1.0,57.0
1144,yt,1,6.0,1112.0
1145,yt,2,0.0,1112.0
1146,yt,3,9.0,1112.0
1147,yt,4,18.0,1112.0
1148,yt,5,27.0,1112.0
1149,yt,6,12.0,1112.0
1150,yt,7,33.0,1112.0
1151,yt,8,11.0,1112.0
1152,yt,9,30.0,1112.0
1153,yt,10,9.0,1112.0
1154,yt,11,14.0,1112.0
1155,yt,12,17.0,1112.0
1156,yt,13,44.0,1112.0
1157,yt,14,22.0,1112.0
1158,yt,15,17.0,1112.0
1159,yt,16,72.0,1112.0
1160,yt,17,29.0,1112.0
1161,yt,18,9.0,1112.0
1162,yt,19,14.0,1112.0
1163,yt,20,0.0,1112.0
1164,yt,21,5.0,1112.0
1165,yt,22,22.0,1112.0
1166,yt,23,21.0,1112.0
1167,yt,24,7.0,1112.0
1168,yt,25,6.0,1112.0
1169,yt,26,37.0,1112.0
1170,yt,27,10.0,1112.0
1171,yt,28,15.0,1112.0
1172,yt,29,14.0,1112.0
1173,yt,30,9.0,1112.0
1174,yt,31,25.0,1112.0
1175,yt,32,11.0,1112.0
1176,yt,33,30.0,1112.0
1177,yt,34,11.0,1112.0
1178,yt,35,23.0,1112.0
1179,yt,36,18.0,1112.0
1180,yt,37,27.0,1112.0
1181,yt,38,29.0,1112.0
1182,yt,39,23.0,1112.0
1183,yt,40,34.0,1112.0
1184,yt,41,38.0,1112.0
1185,yt,42,40.0,1112.0
1186,yt,43,43.0,1112.0
1187,yt,44,24.0,1112.0
1188,yt,45,26.0,1112.0
1189,yt,46,44.0,1112.0
1190,yt,47,13.0,1112.0
1191,yt,48,35.0,1112.0
1192,yt,49,23.0,1112.0
1193,yt,50,17.0,1112.0
1194,yt,51,22.0,1112.0
1195,yt,52,17.0,1112.0
1196,d3py,1,0.0,0.0
1197,d3py,2,0.0,0.0
1198,d3py,3,0.0,0.0
1199,d3py,4,0.0,0.0
1200,d3py,5,0.0,0.0
1201,d3py,6,0.0,0.0
1202,d3py,7,0.0,0.0
1203,d3py,8,0.0,0.0
1204,d3py,9,0.0,0.0
1205,d3py,10,0.0,0.0
1206,d3py,11,0.0,0.0
1207,d3py,12,0.0,0.0
1208,d3py,13,0.0,0.0
1209,d3py,14,0.0,0.0
1210,d3py,15,0.0,0.0
1211,d3py,16,0.0,0.0
1212,d3py,17,0.0,0.0
1213,d3py,18,0.0,0.0
1214,d3py,19,0.0,0.0
1215,d3py,20,0.0,0.0
1216,d3py,21,0.0,0.0
1217,d3py,22,0.0,0.0
1218,d3py,23,0.0,0.0
1219,d3py,24,0.0,0.0
1220,d3py,25,0.0,0.0
1221,d3py,26,0.0,0.0
1222,d3py,27,0.0,0.0
1223,d3py,28,0.0,0.0
1224,d3py,29,0.0,0.0
1225,d3py,30,0.0,0.0
1226,d3py,31,0.0,0.0
1227,d3py,32,0.0,0.0
1228,d3py,33,0.0,0.0
1229,d3py,34,0.0,0.0
1230,d3py,35,0.0,0.0
1231,d3py,36,0.0,0.0
1232,d3py,37,0.0,0.0
1233,d3py,38,0.0,0.0
1234,d3py,39,0.0,0.0
1235,d3py,40,0.0,0.0
1236,d3py,41,0.0,0.0
1237,d3py,42,0.0,0.0
1238,d3py,43,0.0,0.0
1239,d3py,44,0.0,0.0
1240,d3py,45,0.0,0.0
1241,d3py,46,0.0,0.0
1242,d3py,47,0.0,0.0
1243,d3py,48,0.0,0.0
1244,d3py,49,0.0,0.0
1245,d3py,50,0.0,0.0
1246,d3py,51,0.0,0.0
1247,d3py,52,0.0,0.0
1248,ipyleaflet,1,2.0,240.0
1249,ipyleaflet,2,0.0,240.0
1250,ipyleaflet,3,2.0,240.0
1251,ipyleaflet,4,1.0,240.0
1252,ipyleaflet,5,0.0,240.0
1253,ipyleaflet,6,0.0,240.0
1254,ipyleaflet,7,0.0,240.0
1255,ipyleaflet,8,0.0,240.0
1256,ipyleaflet,9,0.0,240.0
1257,ipyleaflet,10,0.0,240.0
1258,ipyleaflet,11,7.0,240.0
1259,ipyleaflet,12,6.0,240.0
1260,ipyleaflet,13,3.0,240.0
1261,ipyleaflet,14,0.0,240.0
1262,ipyleaflet,15,0.0,240.0
1263,ipyleaflet,16,4.0,240.0
1264,ipyleaflet,17,1.0,240.0
1265,ipyleaflet,18,6.0,240.0
1266,ipyleaflet,19,0.0,240.0
1267,ipyleaflet,20,0.0,240.0
1268,ipyleaflet,21,3.0,240.0
1269,ipyleaflet,22,0.0,240.0
1270,ipyleaflet,23,4.0,240.0
1271,ipyleaflet,24,0.0,240.0
1272,ipyleaflet,25,23.0,240.0
1273,ipyleaflet,26,22.0,240.0
1274,ipyleaflet,27,11.0,240.0
1275,ipyleaflet,28,13.0,240.0
1276,ipyleaflet,29,0.0,240.0
1277,ipyleaflet,30,0.0,240.0
1278,ipyleaflet,31,7.0,240.0
1279,ipyleaflet,32,9.0,240.0
1280,ipyleaflet,33,0.0,240.0
1281,ipyleaflet,34,21.0,240.0
1282,ipyleaflet,35,13.0,240.0
1283,ipyleaflet,36,11.0,240.0
1284,ipyleaflet,37,2.0,240.0
1285,ipyleaflet,38,0.0,240.0
1286,ipyleaflet,39,0.0,240.0
1287,ipyleaflet,40,3.0,240.0
1288,ipyleaflet,41,1.0,240.0
1289,ipyleaflet,42,0.0,240.0
1290,ipyleaflet,43,14.0,240.0
1291,ipyleaflet,44,11.0,240.0
1292,ipyleaflet,45,13.0,240.0
1293,ipyleaflet,46,19.0,240.0
1294,ipyleaflet,47,3.0,240.0
1295,ipyleaflet,48,0.0,240.0
1296,ipyleaflet,49,0.0,240.0
1297,ipyleaflet,50,1.0,240.0
1298,ipyleaflet,51,4.0,240.0
1299,ipyleaflet,52,0.0,240.0
1300,bqplot,1,7.0,259.0
1301,bqplot,2,6.0,259.0
1302,bqplot,3,5.0,259.0
1303,bqplot,4,4.0,259.0
1304,bqplot,5,6.0,259.0
1305,bqplot,6,3.0,259.0
1306,bqplot,7,5.0,259.0
1307,bqplot,8,0.0,259.0
1308,bqplot,9,1.0,259.0
1309,bqplot,10,5.0,259.0
1310,bqplot,11,0.0,259.0
1311,bqplot,12,6.0,259.0
1312,bqplot,13,1.0,259.0
1313,bqplot,14,20.0,259.0
1314,bqplot,15,4.0,259.0
1315,bqplot,16,0.0,259.0
1316,bqplot,17,6.0,259.0
1317,bqplot,18,8.0,259.0
1318,bqplot,19,10.0,259.0
1319,bqplot,20,0.0,259.0
1320,bqplot,21,0.0,259.0
1321,bqplot,22,3.0,259.0
1322,bqplot,23,3.0,259.0
1323,bqplot,24,4.0,259.0
1324,bqplot,25,7.0,259.0
1325,bqplot,26,2.0,259.0
1326,bqplot,27,9.0,259.0
1327,bqplot,28,0.0,259.0
1328,bqplot,29,9.0,259.0
1329,bqplot,30,2.0,259.0
1330,bqplot,31,3.0,259.0
1331,bqplot,32,1.0,259.0
1332,bqplot,33,3.0,259.0
1333,bqplot,34,7.0,259.0
1334,bqplot,35,3.0,259.0
1335,bqplot,36,3.0,259.0
1336,bqplot,37,7.0,259.0
1337,bqplot,38,3.0,259.0
1338,bqplot,39,11.0,259.0
1339,bqplot,40,18.0,259.0
1340,bqplot,41,2.0,259.0
1341,bqplot,42,1.0,259.0
1342,bqplot,43,4.0,259.0
1343,bqplot,44,6.0,259.0
1344,bqplot,45,2.0,259.0
1345,bqplot,46,4.0,259.0
1346,bqplot,47,1.0,259.0
1347,bqplot,48,6.0,259.0
1348,bqplot,49,15.0,259.0
1349,bqplot,50,13.0,259.0
1350,bqplot,51,5.0,259.0
1351,bqplot,52,5.0,259.0
1352,cartopy,1,2.0,175.0
1353,cartopy,2,0.0,175.0
1354,cartopy,3,1.0,175.0
1355,cartopy,4,2.0,175.0
1356,cartopy,5,0.0,175.0
1357,cartopy,6,0.0,175.0
1358,cartopy,7,1.0,175.0
1359,cartopy,8,0.0,175.0
1360,cartopy,9,0.0,175.0
1361,cartopy,10,9.0,175.0
1362,cartopy,11,0.0,175.0
1363,cartopy,12,0.0,175.0
1364,cartopy,13,0.0,175.0
1365,cartopy,14,7.0,175.0
1366,cartopy,15,10.0,175.0
1367,cartopy,16,19.0,175.0
1368,cartopy,17,6.0,175.0
1369,cartopy,18,9.0,175.0
1370,cartopy,19,0.0,175.0
1371,cartopy,20,2.0,175.0
1372,cartopy,21,12.0,175.0
1373,cartopy,22,3.0,175.0
1374,cartopy,23,2.0,175.0
1375,cartopy,24,0.0,175.0
1376,cartopy,25,1.0,175.0
1377,cartopy,26,9.0,175.0
1378,cartopy,27,10.0,175.0
1379,cartopy,28,23.0,175.0
1380,cartopy,29,5.0,175.0
1381,cartopy,30,0.0,175.0
1382,cartopy,31,2.0,175.0
1383,cartopy,32,2.0,175.0
1384,cartopy,33,0.0,175.0
1385,cartopy,34,0.0,175.0
1386,cartopy,35,1.0,175.0
1387,cartopy,36,2.0,175.0
1388,cartopy,37,5.0,175.0
1389,cartopy,38,0.0,175.0
1390,cartopy,39,0.0,175.0
1391,cartopy,40,5.0,175.0
1392,cartopy,41,0.0,175.0
1393,cartopy,42,1.0,175.0
1394,cartopy,43,0.0,175.0
1395,cartopy,44,0.0,175.0
1396,cartopy,45,0.0,175.0
1397,cartopy,46,0.0,175.0
1398,cartopy,47,4.0,175.0
1399,cartopy,48,11.0,175.0
1400,cartopy,49,0.0,175.0
1401,cartopy,50,3.0,175.0
1402,cartopy,51,6.0,175.0
1403,cartopy,52,0.0,175.0
1404,graph-tool,1,0.0,0.0
1405,graph-tool,2,0.0,0.0
1406,graph-tool,3,0.0,0.0
1407,graph-tool,4,0.0,0.0
1408,graph-tool,5,0.0,0.0
1409,graph-tool,6,0.0,0.0
1410,graph-tool,7,0.0,0.0
1411,graph-tool,8,0.0,0.0
1412,graph-tool,9,0.0,0.0
1413,graph-tool,10,0.0,0.0
1414,graph-tool,11,0.0,0.0
1415,graph-tool,12,0.0,0.0
1416,graph-tool,13,0.0,0.0
1417,graph-tool,14,0.0,0.0
1418,graph-tool,15,0.0,0.0
1419,graph-tool,16,0.0,0.0
1420,graph-tool,17,0.0,0.0
1421,graph-tool,18,0.0,0.0
1422,graph-tool,19,0.0,0.0
1423,graph-tool,20,0.0,0.0
1424,graph-tool,21,0.0,0.0
1425,graph-tool,22,0.0,0.0
1426,graph-tool,23,0.0,0.0
1427,graph-tool,24,0.0,0.0
1428,graph-tool,25,0.0,0.0
1429,graph-tool,26,0.0,0.0
1430,graph-tool,27,0.0,0.0
1431,graph-tool,28,0.0,0.0
1432,graph-tool,29,0.0,0.0
1433,graph-tool,30,0.0,0.0
1434,graph-tool,31,0.0,0.0
1435,graph-tool,32,0.0,0.0
1436,graph-tool,33,0.0,0.0
1437,graph-tool,34,0.0,0.0
1438,graph-tool,35,0.0,0.0
1439,graph-tool,36,0.0,0.0
1440,graph-tool,37,0.0,0.0
1441,graph-tool,38,0.0,0.0
1442,graph-tool,39,0.0,0.0
1443,graph-tool,40,0.0,0.0
1444,graph-tool,41,0.0,0.0
1445,graph-tool,42,0.0,0.0
1446,graph-tool,43,0.0,0.0
1447,graph-tool,44,0.0,0.0
1448,graph-tool,45,0.0,0.0
1449,graph-tool,46,0.0,0.0
1450,graph-tool,47,0.0,0.0
1451,graph-tool,48,0.0,0.0
1452,graph-tool,49,0.0,0.0
1453,graph-tool,50,0.0,0.0
1454,graph-tool,51,0.0,0.0
1455,graph-tool,52,0.0,0.0
1456,yellowbrick,1,1.0,174.0
1457,yellowbrick,2,0.0,174.0
1458,yellowbrick,3,0.0,174.0
1459,yellowbrick,4,6.0,174.0
1460,yellowbrick,5,0.0,174.0
1461,yellowbrick,6,0.0,174.0
1462,yellowbrick,7,0.0,174.0
1463,yellowbrick,8,0.0,174.0
1464,yellowbrick,9,0.0,174.0
1465,yellowbrick,10,0.0,174.0
1466,yellowbrick,11,0.0,174.0
1467,yellowbrick,12,0.0,174.0
1468,yellowbrick,13,3.0,174.0
1469,yellowbrick,14,0.0,174.0
1470,yellowbrick,15,0.0,174.0
1471,yellowbrick,16,3.0,174.0
1472,yellowbrick,17,0.0,174.0
1473,yellowbrick,18,0.0,174.0
1474,yellowbrick,19,0.0,174.0
1475,yellowbrick,20,1.0,174.0
1476,yellowbrick,21,0.0,174.0
1477,yellowbrick,22,0.0,174.0
1478,yellowbrick,23,0.0,174.0
1479,yellowbrick,24,0.0,174.0
1480,yellowbrick,25,1.0,174.0
1481,yellowbrick,26,0.0,174.0
1482,yellowbrick,27,0.0,174.0
1483,yellowbrick,28,0.0,174.0
1484,yellowbrick,29,10.0,174.0
1485,yellowbrick,30,5.0,174.0
1486,yellowbrick,31,19.0,174.0
1487,yellowbrick,32,14.0,174.0
1488,yellowbrick,33,4.0,174.0
1489,yellowbrick,34,4.0,174.0
1490,yellowbrick,35,0.0,174.0
1491,yellowbrick,36,3.0,174.0
1492,yellowbrick,37,0.0,174.0
1493,yellowbrick,38,0.0,174.0
1494,yellowbrick,39,9.0,174.0
1495,yellowbrick,40,9.0,174.0
1496,yellowbrick,41,9.0,174.0
1497,yellowbrick,42,19.0,174.0
1498,yellowbrick,43,7.0,174.0
1499,yellowbrick,44,6.0,174.0
1500,yellowbrick,45,4.0,174.0
1501,yellowbrick,46,1.0,174.0
1502,yellowbrick,47,1.0,174.0
1503,yellowbrick,48,3.0,174.0
1504,yellowbrick,49,9.0,174.0
1505,yellowbrick,50,9.0,174.0
1506,yellowbrick,51,10.0,174.0
1507,yellowbrick,52,4.0,174.0
1508,scikit-plot,1,1.0,27.0
1509,scikit-plot,2,1.0,27.0
1510,scikit-plot,3,0.0,27.0
1511,scikit-plot,4,9.0,27.0
1512,scikit-plot,5,3.0,27.0
1513,scikit-plot,6,0.0,27.0
1514,scikit-plot,7,2.0,27.0
1515,scikit-plot,8,0.0,27.0
1516,scikit-plot,9,0.0,27.0
1517,scikit-plot,10,1.0,27.0
1518,scikit-plot,11,4.0,27.0
1519,scikit-plot,12,0.0,27.0
1520,scikit-plot,13,0.0,27.0
1521,scikit-plot,14,0.0,27.0
1522,scikit-plot,15,0.0,27.0
1523,scikit-plot,16,0.0,27.0
1524,scikit-plot,17,0.0,27.0
1525,scikit-plot,18,0.0,27.0
1526,scikit-plot,19,0.0,27.0
1527,scikit-plot,20,0.0,27.0
1528,scikit-plot,21,0.0,27.0
1529,scikit-plot,22,1.0,27.0
1530,scikit-plot,23,1.0,27.0
1531,scikit-plot,24,0.0,27.0
1532,scikit-plot,25,1.0,27.0
1533,scikit-plot,26,0.0,27.0
1534,scikit-plot,27,0.0,27.0
1535,scikit-plot,28,0.0,27.0
1536,scikit-plot,29,0.0,27.0
1537,scikit-plot,30,0.0,27.0
1538,scikit-plot,31,0.0,27.0
1539,scikit-plot,32,0.0,27.0
1540,scikit-plot,33,0.0,27.0
1541,scikit-plot,34,0.0,27.0
1542,scikit-plot,35,0.0,27.0
1543,scikit-plot,36,0.0,27.0
1544,scikit-plot,37,0.0,27.0
1545,scikit-plot,38,0.0,27.0
1546,scikit-plot,39,3.0,27.0
1547,scikit-plot,40,0.0,27.0
1548,scikit-plot,41,0.0,27.0
1549,scikit-plot,42,0.0,27.0
1550,scikit-plot,43,0.0,27.0
1551,scikit-plot,44,0.0,27.0
1552,scikit-plot,45,0.0,27.0
1553,scikit-plot,46,0.0,27.0
1554,scikit-plot,47,0.0,27.0
1555,scikit-plot,48,0.0,27.0
1556,scikit-plot,49,0.0,27.0
1557,scikit-plot,50,0.0,27.0
1558,scikit-plot,51,0.0,27.0
1559,scikit-plot,52,0.0,27.0
1560,mpld3,1,0.0,10.0
1561,mpld3,2,0.0,10.0
1562,mpld3,3,0.0,10.0
1563,mpld3,4,0.0,10.0
1564,mpld3,5,0.0,10.0
1565,mpld3,6,0.0,10.0
1566,mpld3,7,0.0,10.0
1567,mpld3,8,0.0,10.0
1568,mpld3,9,0.0,10.0
1569,mpld3,10,0.0,10.0
1570,mpld3,11,1.0,10.0
1571,mpld3,12,0.0,10.0
1572,mpld3,13,0.0,10.0
1573,mpld3,14,1.0,10.0
1574,mpld3,15,0.0,10.0
1575,mpld3,16,0.0,10.0
1576,mpld3,17,0.0,10.0
1577,mpld3,18,0.0,10.0
1578,mpld3,19,0.0,10.0
1579,mpld3,20,0.0,10.0
1580,mpld3,21,0.0,10.0
1581,mpld3,22,1.0,10.0
1582,mpld3,23,2.0,10.0
1583,mpld3,24,0.0,10.0
1584,mpld3,25,0.0,10.0
1585,mpld3,26,0.0,10.0
1586,mpld3,27,0.0,10.0
1587,mpld3,28,0.0,10.0
1588,mpld3,29,0.0,10.0
1589,mpld3,30,3.0,10.0
1590,mpld3,31,0.0,10.0
1591,mpld3,32,0.0,10.0
1592,mpld3,33,0.0,10.0
1593,mpld3,34,0.0,10.0
1594,mpld3,35,0.0,10.0
1595,mpld3,36,0.0,10.0
1596,mpld3,37,0.0,10.0
1597,mpld3,38,0.0,10.0
1598,mpld3,39,0.0,10.0
1599,mpld3,40,0.0,10.0
1600,mpld3,41,0.0,10.0
1601,mpld3,42,0.0,10.0
1602,mpld3,43,0.0,10.0
1603,mpld3,44,0.0,10.0
1604,mpld3,45,0.0,10.0
1605,mpld3,46,0.0,10.0
1606,mpld3,47,0.0,10.0
1607,mpld3,48,0.0,10.0
1608,mpld3,49,2.0,10.0
1609,mpld3,50,0.0,10.0
1610,mpld3,51,0.0,10.0
1611,mpld3,52,0.0,10.0
1612,vega,1,6.0,286.0
1613,vega,2,1.0,286.0
1614,vega,3,2.0,286.0
1615,vega,4,4.0,286.0
1616,vega,5,1.0,286.0
1617,vega,6,1.0,286.0
1618,vega,7,23.0,286.0
1619,vega,8,0.0,286.0
1620,vega,9,2.0,286.0
1621,vega,10,16.0,286.0
1622,vega,11,12.0,286.0
1623,vega,12,1.0,286.0
1624,vega,13,0.0,286.0
1625,vega,14,1.0,286.0
1626,vega,15,0.0,286.0
1627,vega,16,3.0,286.0
1628,vega,17,1.0,286.0
1629,vega,18,0.0,286.0
1630,vega,19,2.0,286.0
1631,vega,20,0.0,286.0
1632,vega,21,0.0,286.0
1633,vega,22,0.0,286.0
1634,vega,23,6.0,286.0
1635,vega,24,4.0,286.0
1636,vega,25,12.0,286.0
1637,vega,26,11.0,286.0
1638,vega,27,25.0,286.0
1639,vega,28,3.0,286.0
1640,vega,29,14.0,286.0
1641,vega,30,0.0,286.0
1642,vega,31,0.0,286.0
1643,vega,32,2.0,286.0
1644,vega,33,5.0,286.0
1645,vega,34,6.0,286.0
1646,vega,35,3.0,286.0
1647,vega,36,20.0,286.0
1648,vega,37,1.0,286.0
1649,vega,38,22.0,286.0
1650,vega,39,4.0,286.0
1651,vega,40,2.0,286.0
1652,vega,41,13.0,286.0
1653,vega,42,0.0,286.0
1654,vega,43,7.0,286.0
1655,vega,44,11.0,286.0
1656,vega,45,10.0,286.0
1657,vega,46,8.0,286.0
1658,vega,47,10.0,286.0
1659,vega,48,11.0,286.0
1660,vega,49,0.0,286.0
1661,vega,50,0.0,286.0
1662,vega,51,0.0,286.0
1663,vega,52,0.0,286.0
1664,vega-lite,1,35.0,1178.0
1665,vega-lite,2,25.0,1178.0
1666,vega-lite,3,33.0,1178.0
1667,vega-lite,4,68.0,1178.0
1668,vega-lite,5,9.0,1178.0
1669,vega-lite,6,16.0,1178.0
1670,vega-lite,7,15.0,1178.0
1671,vega-lite,8,16.0,1178.0
1672,vega-lite,9,56.0,1178.0
1673,vega-lite,10,58.0,1178.0
1674,vega-lite,11,49.0,1178.0
1675,vega-lite,12,22.0,1178.0
1676,vega-lite,13,4.0,1178.0
1677,vega-lite,14,3.0,1178.0
1678,vega-lite,15,7.0,1178.0
1679,vega-lite,16,9.0,1178.0
1680,vega-lite,17,5.0,1178.0
1681,vega-lite,18,7.0,1178.0
1682,vega-lite,19,5.0,1178.0
1683,vega-lite,20,3.0,1178.0
1684,vega-lite,21,8.0,1178.0
1685,vega-lite,22,6.0,1178.0
1686,vega-lite,23,20.0,1178.0
1687,vega-lite,24,31.0,1178.0
1688,vega-lite,25,34.0,1178.0
1689,vega-lite,26,7.0,1178.0
1690,vega-lite,27,10.0,1178.0
1691,vega-lite,28,14.0,1178.0
1692,vega-lite,29,45.0,1178.0
1693,vega-lite,30,67.0,1178.0
1694,vega-lite,31,24.0,1178.0
1695,vega-lite,32,7.0,1178.0
1696,vega-lite,33,24.0,1178.0
1697,vega-lite,34,6.0,1178.0
1698,vega-lite,35,13.0,1178.0
1699,vega-lite,36,53.0,1178.0
1700,vega-lite,37,32.0,1178.0
1701,vega-lite,38,28.0,1178.0
1702,vega-lite,39,15.0,1178.0
1703,vega-lite,40,22.0,1178.0
1704,vega-lite,41,23.0,1178.0
1705,vega-lite,42,34.0,1178.0
1706,vega-lite,43,12.0,1178.0
1707,vega-lite,44,9.0,1178.0
1708,vega-lite,45,35.0,1178.0
1709,vega-lite,46,37.0,1178.0
1710,vega-lite,47,31.0,1178.0
1711,vega-lite,48,41.0,1178.0
1712,vega-lite,49,10.0,1178.0
1713,vega-lite,50,18.0,1178.0
1714,vega-lite,51,13.0,1178.0
1715,vega-lite,52,4.0,1178.0
1716,d3po,1,0.0,0.0
1717,d3po,2,0.0,0.0
1718,d3po,3,0.0,0.0
1719,d3po,4,0.0,0.0
1720,d3po,5,0.0,0.0
1721,d3po,6,0.0,0.0
1722,d3po,7,0.0,0.0
1723,d3po,8,0.0,0.0
1724,d3po,9,0.0,0.0
1725,d3po,10,0.0,0.0
1726,d3po,11,0.0,0.0
1727,d3po,12,0.0,0.0
1728,d3po,13,0.0,0.0
1729,d3po,14,0.0,0.0
1730,d3po,15,0.0,0.0
1731,d3po,16,0.0,0.0
1732,d3po,17,0.0,0.0
1733,d3po,18,0.0,0.0
1734,d3po,19,0.0,0.0
1735,d3po,20,0.0,0.0
1736,d3po,21,0.0,0.0
1737,d3po,22,0.0,0.0
1738,d3po,23,0.0,0.0
1739,d3po,24,0.0,0.0
1740,d3po,25,0.0,0.0
1741,d3po,26,0.0,0.0
1742,d3po,27,0.0,0.0
1743,d3po,28,0.0,0.0
1744,d3po,29,0.0,0.0
1745,d3po,30,0.0,0.0
1746,d3po,31,0.0,0.0
1747,d3po,32,0.0,0.0
1748,d3po,33,0.0,0.0
1749,d3po,34,0.0,0.0
1750,d3po,35,0.0,0.0
1751,d3po,36,0.0,0.0
1752,d3po,37,0.0,0.0
1753,d3po,38,0.0,0.0
1754,d3po,39,0.0,0.0
1755,d3po,40,0.0,0.0
1756,d3po,41,0.0,0.0
1757,d3po,42,0.0,0.0
1758,d3po,43,0.0,0.0
1759,d3po,44,0.0,0.0
1760,d3po,45,0.0,0.0
1761,d3po,46,0.0,0.0
1762,d3po,47,0.0,0.0
1763,d3po,48,0.0,0.0
1764,d3po,49,0.0,0.0
1765,d3po,50,0.0,0.0
1766,d3po,51,0.0,0.0
1767,d3po,52,0.0,0.0
1768,glue,1,39.0,1232.0
1769,glue,2,13.0,1232.0
1770,glue,3,6.0,1232.0
1771,glue,4,10.0,1232.0
1772,glue,5,10.0,1232.0
1773,glue,6,2.0,1232.0
1774,glue,7,4.0,1232.0
1775,glue,8,5.0,1232.0
1776,glue,9,37.0,1232.0
1777,glue,10,58.0,1232.0
1778,glue,11,39.0,1232.0
1779,glue,12,8.0,1232.0
1780,glue,13,6.0,1232.0
1781,glue,14,9.0,1232.0
1782,glue,15,30.0,1232.0
1783,glue,16,6.0,1232.0
1784,glue,17,7.0,1232.0
1785,glue,18,4.0,1232.0
1786,glue,19,0.0,1232.0
1787,glue,20,0.0,1232.0
1788,glue,21,11.0,1232.0
1789,glue,22,10.0,1232.0
1790,glue,23,14.0,1232.0
1791,glue,24,8.0,1232.0
1792,glue,25,42.0,1232.0
1793,glue,26,40.0,1232.0
1794,glue,27,23.0,1232.0
1795,glue,28,58.0,1232.0
1796,glue,29,48.0,1232.0
1797,glue,30,32.0,1232.0
1798,glue,31,40.0,1232.0
1799,glue,32,27.0,1232.0
1800,glue,33,72.0,1232.0
1801,glue,34,39.0,1232.0
1802,glue,35,56.0,1232.0
1803,glue,36,46.0,1232.0
1804,glue,37,61.0,1232.0
1805,glue,38,38.0,1232.0
1806,glue,39,1.0,1232.0
1807,glue,40,62.0,1232.0
1808,glue,41,31.0,1232.0
1809,glue,42,16.0,1232.0
1810,glue,43,23.0,1232.0
1811,glue,44,34.0,1232.0
1812,glue,45,46.0,1232.0
1813,glue,46,42.0,1232.0
1814,glue,47,5.0,1232.0
1815,glue,48,0.0,1232.0
1816,glue,49,0.0,1232.0
1817,glue,50,0.0,1232.0
1818,glue,51,0.0,1232.0
1819,glue,52,14.0,1232.0
1820,gr,1,1.0,223.0
1821,gr,2,0.0,223.0
1822,gr,3,7.0,223.0
1823,gr,4,0.0,223.0
1824,gr,5,1.0,223.0
1825,gr,6,10.0,223.0
1826,gr,7,0.0,223.0
1827,gr,8,4.0,223.0
1828,gr,9,4.0,223.0
1829,gr,10,3.0,223.0
1830,gr,11,2.0,223.0
1831,gr,12,2.0,223.0
1832,gr,13,2.0,223.0
1833,gr,14,3.0,223.0
1834,gr,15,7.0,223.0
1835,gr,16,2.0,223.0
1836,gr,17,11.0,223.0
1837,gr,18,4.0,223.0
1838,gr,19,2.0,223.0
1839,gr,20,1.0,223.0
1840,gr,21,2.0,223.0
1841,gr,22,5.0,223.0
1842,gr,23,14.0,223.0
1843,gr,24,12.0,223.0
1844,gr,25,8.0,223.0
1845,gr,26,7.0,223.0
1846,gr,27,6.0,223.0
1847,gr,28,10.0,223.0
1848,gr,29,13.0,223.0
1849,gr,30,17.0,223.0
1850,gr,31,3.0,223.0
1851,gr,32,6.0,223.0
1852,gr,33,0.0,223.0
1853,gr,34,0.0,223.0
1854,gr,35,6.0,223.0
1855,gr,36,2.0,223.0
1856,gr,37,3.0,223.0
1857,gr,38,6.0,223.0
1858,gr,39,8.0,223.0
1859,gr,40,14.0,223.0
1860,gr,41,0.0,223.0
1861,gr,42,3.0,223.0
1862,gr,43,5.0,223.0
1863,gr,44,0.0,223.0
1864,gr,45,0.0,223.0
1865,gr,46,7.0,223.0
1866,gr,47,0.0,223.0
1867,gr,48,0.0,223.0
1868,gr,49,0.0,223.0
1869,gr,50,0.0,223.0
1870,gr,51,0.0,223.0
1871,gr,52,0.0,223.0
